"Date","Price","Open","High","Low","Vol.","Change %"
"12/31/2020","3,756.10","3,733.30","3,760.20","3,726.90","","0.65%"
"12/30/2020","3,732.00","3,736.20","3,744.60","3,730.20","","0.13%"
"12/29/2020","3,727.00","3,750.00","3,756.10","3,723.30","","-0.22%"
"12/28/2020","3,735.40","3,723.00","3,740.50","3,723.00","","0.87%"
"12/24/2020","3,703.10","3,694.00","3,703.80","3,689.30","","0.36%"
"12/23/2020","3,690.00","3,693.40","3,711.20","3,689.30","","0.07%"
"12/22/2020","3,687.30","3,698.10","3,698.30","3,676.20","","-0.21%"
"12/21/2020","3,694.90","3,684.30","3,702.90","3,636.50","","-0.39%"
"12/18/2020","3,709.40","3,722.40","3,726.70","3,685.80","","-0.35%"
"12/17/2020","3,722.50","3,713.70","3,725.10","3,710.90","","0.58%"
"12/16/2020","3,701.20","3,696.20","3,711.30","3,688.60","","0.18%"
"12/15/2020","3,694.60","3,666.40","3,695.30","3,659.60","","1.29%"
"12/14/2020","3,647.50","3,675.30","3,697.60","3,645.80","","-0.44%"
"12/11/2020","3,663.50","3,656.10","3,665.90","3,633.40","","-0.13%"
"12/10/2020","3,668.10","3,659.10","3,678.50","3,645.20","","-0.13%"
"12/09/2020","3,672.80","3,706.00","3,712.40","3,660.50","","-0.79%"
"12/08/2020","3,702.20","3,683.10","3,708.40","3,678.80","","0.28%"
"12/07/2020","3,692.00","3,694.70","3,697.40","3,678.90","","-0.19%"
"12/04/2020","3,699.10","3,670.90","3,699.20","3,670.90","","0.88%"
"12/03/2020","3,666.70","3,668.30","3,682.70","3,657.20","","-0.06%"
"12/02/2020","3,669.00","3,653.80","3,671.00","3,644.80","","0.18%"
"12/01/2020","3,662.40","3,645.90","3,678.40","3,645.90","","1.13%"
"11/30/2020","3,621.60","3,634.20","3,634.20","3,594.40","","-0.46%"
"11/27/2020","3,638.30","3,638.60","3,644.30","3,629.30","","0.24%"
"11/25/2020","3,629.70","3,635.50","3,635.50","3,617.80","","-0.16%"
"11/24/2020","3,635.40","3,594.50","3,642.30","3,594.50","","1.62%"
"11/23/2020","3,577.60","3,566.80","3,589.80","3,552.80","","0.57%"
"11/20/2020","3,557.50","3,579.30","3,581.20","3,556.80","","-0.68%"
"11/19/2020","3,581.90","3,559.40","3,585.20","3,543.80","","0.40%"
"11/18/2020","3,567.80","3,612.10","3,619.10","3,567.30","","-1.16%"
"11/17/2020","3,609.50","3,610.30","3,623.10","3,588.70","","-0.48%"
"11/16/2020","3,626.90","3,600.20","3,628.50","3,600.20","","1.16%"
"11/13/2020","3,585.20","3,552.60","3,593.70","3,552.60","","1.36%"
"11/12/2020","3,537.00","3,562.70","3,569.00","3,518.60","","-1.00%"
"11/11/2020","3,572.70","3,563.20","3,581.20","3,557.00","","0.77%"
"11/10/2020","3,545.50","3,543.30","3,557.20","3,511.90","","-0.14%"
"11/09/2020","3,550.50","3,583.00","3,646.00","3,547.50","","1.17%"
"11/06/2020","3,509.40","3,508.30","3,521.60","3,484.30","","-0.03%"
"11/05/2020","3,510.40","3,485.70","3,529.10","3,485.70","","1.95%"
"11/04/2020","3,443.40","3,406.50","3,486.20","3,405.20","","2.20%"
"11/03/2020","3,369.20","3,336.20","3,389.50","3,336.20","","1.78%"
"11/02/2020","3,310.20","3,296.20","3,330.10","3,279.70","","1.23%"
"10/30/2020","3,270.00","3,293.60","3,304.90","3,233.90","","-1.21%"
"10/29/2020","3,310.10","3,277.20","3,341.10","3,259.80","","1.20%"
"10/28/2020","3,271.00","3,342.50","3,342.50","3,268.90","","-3.53%"
"10/27/2020","3,390.70","3,403.20","3,409.50","3,388.70","","-0.30%"
"10/26/2020","3,401.00","3,441.40","3,441.40","3,364.90","","-1.86%"
"10/23/2020","3,465.40","3,464.90","3,466.50","3,440.40","","0.34%"
"10/22/2020","3,453.50","3,438.50","3,460.50","3,415.30","","0.52%"
"10/21/2020","3,435.60","3,439.90","3,464.90","3,433.10","","-0.22%"
"10/20/2020","3,443.10","3,439.40","3,476.90","3,435.70","","0.47%"
"10/19/2020","3,426.90","3,493.70","3,502.40","3,419.90","","-1.63%"
"10/16/2020","3,483.80","3,493.50","3,515.80","3,480.40","","0.01%"
"10/15/2020","3,483.30","3,453.70","3,489.10","3,440.90","","-0.15%"
"10/14/2020","3,488.70","3,515.50","3,527.90","3,480.60","","-0.66%"
"10/13/2020","3,511.90","3,534.00","3,534.00","3,500.90","","-0.63%"
"10/12/2020","3,534.20","3,500.00","3,549.80","3,499.60","","1.64%"
"10/09/2020","3,477.10","3,459.70","3,482.30","3,458.10","","0.88%"
"10/08/2020","3,446.80","3,434.30","3,447.30","3,428.20","","0.80%"
"10/07/2020","3,419.40","3,384.60","3,426.30","3,384.60","","1.74%"
"10/06/2020","3,360.90","3,408.70","3,431.60","3,354.50","","-1.40%"
"10/05/2020","3,408.60","3,367.30","3,409.60","3,367.30","","1.80%"
"10/02/2020","3,348.40","3,338.90","3,369.10","3,323.70","","-0.96%"
"10/01/2020","3,380.80","3,385.90","3,397.20","3,361.40","","0.53%"
"09/30/2020","3,363.00","3,341.20","3,393.60","3,340.50","","0.82%"
"09/29/2020","3,335.50","3,350.90","3,357.90","3,327.50","","-0.48%"
"09/28/2020","3,351.60","3,333.90","3,360.70","3,332.90","","1.61%"
"09/25/2020","3,298.50","3,236.70","3,306.90","3,228.40","","1.60%"
"09/24/2020","3,246.60","3,226.10","3,278.70","3,209.40","","0.30%"
"09/23/2020","3,236.90","3,320.10","3,323.30","3,232.60","","-2.37%"
"09/22/2020","3,315.60","3,295.80","3,320.30","3,270.90","","1.05%"
"09/21/2020","3,281.10","3,285.60","3,285.60","3,229.10","","-1.16%"
"09/18/2020","3,319.50","3,357.40","3,362.30","3,292.40","","-1.12%"
"09/17/2020","3,357.00","3,346.90","3,375.20","3,328.80","","-0.84%"
"09/16/2020","3,385.50","3,411.20","3,428.90","3,384.40","","-0.46%"
"09/15/2020","3,401.20","3,407.70","3,419.50","3,389.20","","0.52%"
"09/14/2020","3,383.50","3,363.60","3,402.90","3,363.60","","1.27%"
"09/11/2020","3,341.00","3,352.70","3,368.90","3,310.50","","0.05%"
"09/10/2020","3,339.20","3,412.60","3,425.60","3,329.20","","-1.76%"
"09/09/2020","3,399.00","3,369.80","3,424.80","3,366.80","","2.02%"
"09/08/2020","3,331.80","3,371.90","3,380.00","3,329.30","","-2.78%"
"09/04/2020","3,427.00","3,453.60","3,479.20","3,349.60","","-0.81%"
"09/03/2020","3,455.10","3,564.70","3,564.80","3,427.40","","-3.51%"
"09/02/2020","3,580.80","3,543.80","3,588.10","3,535.20","","1.53%"
"09/01/2020","3,526.70","3,507.40","3,528.00","3,494.60","","0.75%"
"08/31/2020","3,500.30","3,509.70","3,514.80","3,493.20","","-0.22%"
"08/28/2020","3,508.00","3,494.70","3,509.20","3,484.30","","0.67%"
"08/27/2020","3,484.60","3,485.10","3,501.40","3,468.30","","0.17%"
"08/26/2020","3,478.70","3,450.00","3,481.10","3,444.20","","1.02%"
"08/25/2020","3,443.60","3,435.90","3,444.20","3,425.80","","0.36%"
"08/24/2020","3,431.30","3,418.10","3,432.10","3,413.10","","1.00%"
"08/21/2020","3,397.20","3,386.00","3,400.00","3,379.30","","0.35%"
"08/20/2020","3,385.50","3,360.50","3,390.80","3,354.70","","0.32%"
"08/19/2020","3,374.80","3,392.50","3,399.50","3,369.70","","-0.44%"
"08/18/2020","3,389.80","3,387.00","3,395.10","3,370.20","","0.23%"
"08/17/2020","3,382.00","3,380.90","3,387.60","3,379.20","","0.27%"
"08/14/2020","3,372.80","3,368.70","3,378.50","3,361.60","","-0.02%"
"08/13/2020","3,373.40","3,372.90","3,387.20","3,363.30","","-0.20%"
"08/12/2020","3,380.30","3,355.50","3,387.90","3,355.50","","1.40%"
"08/11/2020","3,333.70","3,370.30","3,381.00","3,326.40","","-0.80%"
"08/10/2020","3,360.50","3,356.00","3,363.30","3,335.40","","0.27%"
"08/07/2020","3,351.30","3,340.10","3,352.50","3,328.70","","0.06%"
"08/06/2020","3,349.20","3,323.20","3,351.00","3,318.10","","0.64%"
"08/05/2020","3,327.80","3,317.40","3,330.80","3,317.40","","0.64%"
"08/04/2020","3,306.50","3,289.90","3,306.80","3,286.40","","0.36%"
"08/03/2020","3,294.60","3,288.30","3,302.70","3,284.50","","0.72%"
"07/31/2020","3,271.10","3,270.40","3,272.20","3,220.30","","0.77%"
"07/30/2020","3,246.20","3,231.80","3,250.90","3,204.10","","-0.37%"
"07/29/2020","3,258.40","3,227.20","3,264.70","3,227.20","","1.24%"
"07/28/2020","3,218.40","3,234.30","3,243.70","3,216.20","","-0.65%"
"07/27/2020","3,239.40","3,219.80","3,241.40","3,214.20","","0.74%"
"07/24/2020","3,215.60","3,218.60","3,227.30","3,200.10","","-0.62%"
"07/23/2020","3,235.70","3,271.60","3,280.00","3,222.70","","-1.23%"
"07/22/2020","3,276.00","3,254.90","3,279.30","3,253.10","","0.57%"
"07/21/2020","3,257.30","3,268.50","3,277.30","3,247.80","","0.17%"
"07/20/2020","3,251.80","3,224.30","3,258.60","3,215.20","","0.84%"
"07/17/2020","3,224.70","3,224.20","3,233.50","3,205.70","","0.28%"
"07/16/2020","3,215.60","3,208.40","3,220.40","3,198.60","","-0.34%"
"07/15/2020","3,226.60","3,226.00","3,238.30","3,200.80","","0.91%"
"07/14/2020","3,197.50","3,141.10","3,200.90","3,127.70","","1.34%"
"07/13/2020","3,155.20","3,205.10","3,235.30","3,149.40","","-0.94%"
"07/10/2020","3,185.00","3,152.50","3,186.80","3,136.20","","1.04%"
"07/09/2020","3,152.10","3,176.20","3,179.80","3,115.70","","-0.56%"
"07/08/2020","3,169.90","3,153.10","3,171.80","3,136.50","","0.78%"
"07/07/2020","3,145.30","3,166.40","3,184.20","3,142.90","","-1.08%"
"07/06/2020","3,179.70","3,155.30","3,182.60","3,155.30","","1.59%"
"07/02/2020","3,130.00","3,143.60","3,165.80","3,124.50","","0.45%"
"07/01/2020","3,115.90","3,105.90","3,128.40","3,101.20","","0.50%"
"06/30/2020","3,100.30","3,050.20","3,111.50","3,047.80","","1.54%"
"06/29/2020","3,053.20","3,018.60","3,053.90","2,999.70","","1.47%"
"06/26/2020","3,009.10","3,073.20","3,073.70","3,004.60","","-2.42%"
"06/25/2020","3,083.80","3,046.60","3,086.20","3,024.00","","1.10%"
"06/24/2020","3,050.30","3,114.40","3,115.00","3,032.10","","-2.59%"
"06/23/2020","3,131.30","3,138.70","3,154.90","3,127.10","","0.43%"
"06/22/2020","3,117.90","3,094.40","3,120.90","3,079.40","","0.65%"
"06/19/2020","3,097.70","3,140.30","3,155.50","3,083.10","","-0.56%"
"06/18/2020","3,115.30","3,101.60","3,120.00","3,093.50","","0.06%"
"06/17/2020","3,113.50","3,136.10","3,141.20","3,108.00","","-0.36%"
"06/16/2020","3,124.70","3,131.00","3,153.40","3,076.10","","1.89%"
"06/15/2020","3,066.60","2,993.80","3,079.80","2,965.70","","0.83%"
"06/12/2020","3,041.30","3,071.00","3,088.40","2,984.50","","1.31%"
"06/11/2020","3,002.10","3,123.50","3,123.50","2,999.50","","-5.89%"
"06/10/2020","3,190.10","3,213.40","3,223.30","3,181.50","","-0.53%"
"06/09/2020","3,207.20","3,213.30","3,222.70","3,193.10","","-0.78%"
"06/08/2020","3,232.40","3,199.90","3,233.10","3,196.00","","1.21%"
"06/05/2020","3,193.90","3,163.80","3,211.70","3,163.80","","2.62%"
"06/04/2020","3,112.30","3,111.60","3,128.90","3,090.40","","-0.34%"
"06/03/2020","3,122.90","3,098.90","3,130.90","3,098.90","","1.37%"
"06/02/2020","3,080.80","3,064.80","3,081.10","3,051.60","","0.82%"
"06/01/2020","3,055.70","3,038.80","3,062.20","3,031.50","","0.37%"
"05/29/2020","3,044.30","3,025.20","3,049.20","2,998.60","","0.48%"
"05/28/2020","3,029.70","3,046.60","3,068.70","3,023.40","","-0.21%"
"05/27/2020","3,036.10","3,015.70","3,036.20","2,969.80","","1.48%"
"05/26/2020","2,991.80","3,004.10","3,021.70","2,988.20","","1.23%"
"05/22/2020","2,955.40","2,948.10","2,956.80","2,933.60","","0.23%"
"05/21/2020","2,948.50","2,969.90","2,978.50","2,938.60","","-0.78%"
"05/20/2020","2,971.60","2,953.60","2,980.30","2,953.60","","1.67%"
"05/19/2020","2,922.90","2,948.60","2,964.20","2,922.30","","-1.05%"
"05/18/2020","2,953.90","2,913.90","2,968.10","2,913.90","","3.15%"
"05/15/2020","2,863.70","2,829.90","2,865.00","2,816.80","","0.39%"
"05/14/2020","2,852.50","2,794.50","2,852.80","2,766.60","","1.15%"
"05/13/2020","2,820.00","2,865.90","2,874.10","2,793.20","","-1.75%"
"05/12/2020","2,870.10","2,939.50","2,945.80","2,869.60","","-2.05%"
"05/11/2020","2,930.30","2,915.50","2,944.20","2,903.40","","0.02%"
"05/08/2020","2,929.80","2,908.80","2,932.20","2,902.90","","1.69%"
"05/07/2020","2,881.20","2,878.30","2,901.90","2,876.50","","1.15%"
"05/06/2020","2,848.40","2,883.10","2,891.10","2,847.70","","-0.70%"
"05/05/2020","2,868.40","2,868.90","2,898.20","2,863.60","","0.90%"
"05/04/2020","2,842.70","2,815.00","2,844.20","2,797.80","","0.42%"
"05/01/2020","2,830.70","2,869.10","2,869.10","2,821.60","","-2.81%"
"04/30/2020","2,912.40","2,930.90","2,930.90","2,892.50","","-0.92%"
"04/29/2020","2,939.50","2,918.50","2,954.90","2,912.20","","2.66%"
"04/28/2020","2,863.40","2,910.00","2,921.20","2,860.70","","-0.52%"
"04/27/2020","2,878.50","2,854.70","2,887.70","2,852.90","","1.47%"
"04/24/2020","2,836.70","2,812.60","2,842.70","2,791.80","","1.39%"
"04/23/2020","2,797.80","2,810.40","2,844.90","2,794.30","","-0.05%"
"04/22/2020","2,799.30","2,787.90","2,815.10","2,775.90","","2.29%"
"04/21/2020","2,736.60","2,784.80","2,785.50","2,727.10","","-3.07%"
"04/20/2020","2,823.20","2,845.60","2,869.00","2,820.40","","-1.79%"
"04/17/2020","2,874.60","2,842.40","2,879.20","2,830.90","","2.68%"
"04/16/2020","2,799.60","2,799.30","2,806.50","2,764.30","","0.58%"
"04/15/2020","2,783.40","2,795.60","2,801.90","2,761.50","","-2.20%"
"04/14/2020","2,846.10","2,805.10","2,851.80","2,805.10","","3.06%"
"04/13/2020","2,761.60","2,782.50","2,782.50","2,721.20","","-1.01%"
"04/09/2020","2,789.80","2,777.00","2,818.60","2,762.40","","1.45%"
"04/08/2020","2,750.00","2,685.00","2,760.80","2,663.30","","3.41%"
"04/07/2020","2,659.40","2,738.70","2,756.90","2,657.70","","-0.16%"
"04/06/2020","2,663.70","2,578.30","2,676.80","2,574.60","","7.03%"
"04/03/2020","2,488.70","2,514.90","2,538.20","2,460.00","","-1.51%"
"04/02/2020","2,526.90","2,458.50","2,533.20","2,455.80","","2.28%"
"04/01/2020","2,470.50","2,498.10","2,522.80","2,447.50","","-4.41%"
"03/31/2020","2,584.60","2,614.70","2,641.40","2,571.20","","-1.60%"
"03/30/2020","2,626.70","2,559.00","2,631.80","2,545.30","","3.35%"
"03/27/2020","2,541.50","2,555.90","2,615.90","2,520.00","","-3.37%"
"03/26/2020","2,630.10","2,501.30","2,637.00","2,500.70","","6.24%"
"03/25/2020","2,475.60","2,457.80","2,571.40","2,407.50","","1.16%"
"03/24/2020","2,447.30","2,344.40","2,449.70","2,344.40","","9.38%"
"03/23/2020","2,237.40","2,290.70","2,300.70","2,191.90","","-2.93%"
"03/20/2020","2,304.90","2,431.90","2,453.00","2,295.60","","-4.34%"
"03/19/2020","2,409.40","2,393.50","2,467.00","2,319.80","","0.47%"
"03/18/2020","2,398.10","2,436.50","2,453.60","2,280.50","","-5.18%"
"03/17/2020","2,529.20","2,425.70","2,553.90","2,367.00","","6.00%"
"03/16/2020","2,386.10","2,508.60","2,563.00","2,380.90","","-11.98%"
"03/13/2020","2,711.00","2,570.00","2,711.30","2,492.40","","9.29%"
"03/12/2020","2,480.60","2,630.90","2,660.90","2,478.90","","-9.51%"
"03/11/2020","2,741.40","2,825.60","2,825.60","2,707.20","","-4.89%"
"03/10/2020","2,882.20","2,813.50","2,882.60","2,734.00","","4.94%"
"03/09/2020","2,746.60","2,863.90","2,863.90","2,734.40","","-7.60%"
"03/06/2020","2,972.40","2,954.20","2,985.90","2,901.50","","-1.70%"
"03/05/2020","3,023.90","3,075.70","3,083.00","2,999.80","","-3.39%"
"03/04/2020","3,130.10","3,045.80","3,131.00","3,034.40","","4.22%"
"03/03/2020","3,003.40","3,096.50","3,136.70","2,976.60","","-2.81%"
"03/02/2020","3,090.20","2,974.30","3,091.00","2,945.20","","4.60%"
"02/28/2020","2,954.20","2,916.90","2,959.70","2,855.80","","-0.83%"
"02/27/2020","2,978.80","3,062.50","3,097.10","2,977.40","","-4.42%"
"02/26/2020","3,116.40","3,139.90","3,182.50","3,109.00","","-0.38%"
"02/25/2020","3,128.20","3,238.90","3,247.00","3,118.80","","-3.03%"
"02/24/2020","3,225.90","3,257.60","3,259.80","3,214.70","","-3.35%"
"02/21/2020","3,337.80","3,360.50","3,360.80","3,328.40","","-1.05%"
"02/20/2020","3,373.20","3,380.40","3,389.20","3,341.00","","-0.38%"
"02/19/2020","3,386.20","3,380.40","3,393.50","3,378.80","","0.47%"
"02/18/2020","3,370.30","3,369.00","3,375.00","3,355.60","","-0.29%"
"02/14/2020","3,380.20","3,378.10","3,380.70","3,366.20","","0.19%"
"02/13/2020","3,373.90","3,365.90","3,385.10","3,360.50","","-0.16%"
"02/12/2020","3,379.40","3,370.50","3,381.50","3,369.70","","0.64%"
"02/11/2020","3,357.80","3,365.90","3,375.60","3,352.70","","0.17%"
"02/10/2020","3,352.10","3,318.30","3,352.30","3,317.80","","0.73%"
"02/07/2020","3,327.70","3,335.50","3,341.40","3,322.10","","-0.54%"
"02/06/2020","3,345.80","3,344.90","3,348.00","3,334.40","","0.33%"
"02/05/2020","3,334.70","3,324.90","3,337.60","3,313.80","","1.13%"
"02/04/2020","3,297.60","3,280.60","3,306.90","3,280.60","","1.50%"
"02/03/2020","3,248.90","3,235.70","3,268.40","3,235.70","","0.73%"
"01/31/2020","3,225.50","3,282.30","3,282.30","3,214.70","","-1.77%"
"01/30/2020","3,283.70","3,256.40","3,285.90","3,242.80","","0.31%"
"01/29/2020","3,273.40","3,289.50","3,293.50","3,271.90","","-0.09%"
"01/28/2020","3,276.20","3,255.30","3,285.80","3,253.20","","1.01%"
"01/27/2020","3,243.60","3,247.20","3,258.80","3,234.50","","-1.57%"
"01/24/2020","3,295.50","3,333.10","3,333.20","3,281.50","","-0.90%"
"01/23/2020","3,325.50","3,315.80","3,326.90","3,301.90","","0.11%"
"01/22/2020","3,321.80","3,330.00","3,337.80","3,320.00","","0.03%"
"01/21/2020","3,320.80","3,321.00","3,329.80","3,316.60","","-0.26%"
"01/17/2020","3,329.60","3,323.70","3,329.90","3,318.90","","0.39%"
"01/16/2020","3,316.80","3,303.00","3,317.10","3,302.80","","0.84%"
"01/15/2020","3,289.30","3,282.30","3,298.70","3,280.70","","0.19%"
"01/14/2020","3,283.20","3,285.30","3,294.20","3,277.20","","-0.15%"
"01/13/2020","3,288.10","3,271.10","3,288.10","3,268.40","","0.70%"
"01/10/2020","3,265.30","3,281.80","3,283.00","3,260.90","","-0.29%"
"01/09/2020","3,274.70","3,266.00","3,275.60","3,263.70","","0.66%"
"01/08/2020","3,253.10","3,238.60","3,267.10","3,236.70","","0.49%"
"01/07/2020","3,237.20","3,241.90","3,244.90","3,232.40","","-0.28%"
"01/06/2020","3,246.30","3,217.60","3,246.80","3,214.60","","0.36%"
"01/03/2020","3,234.80","3,226.40","3,246.20","3,222.30","","-0.71%"
"01/02/2020","3,257.80","3,244.70","3,258.10","3,235.50","","0.84%"
"12/31/2019","3,230.80","3,215.20","3,231.70","3,212.00","","0.29%"
"12/30/2019","3,221.30","3,240.10","3,240.90","3,216.60","","-0.58%"
"12/27/2019","3,240.00","3,247.20","3,247.90","3,234.40","","0.00%"
"12/26/2019","3,239.90","3,227.20","3,240.10","3,227.20","","0.51%"
"12/24/2019","3,223.40","3,225.40","3,226.40","3,220.50","","-0.02%"
"12/23/2019","3,224.00","3,226.10","3,227.80","3,222.30","","0.09%"
"12/20/2019","3,221.20","3,223.30","3,225.70","3,216.00","","0.49%"
"12/19/2019","3,205.40","3,192.30","3,205.50","3,192.30","","0.45%"
"12/18/2019","3,191.10","3,195.20","3,198.50","3,191.10","","-0.04%"
"12/17/2019","3,192.50","3,195.40","3,198.20","3,191.00","","0.03%"
"12/16/2019","3,191.40","3,183.60","3,197.70","3,183.60","","0.71%"
"12/13/2019","3,168.80","3,166.70","3,182.70","3,156.50","","0.01%"
"12/12/2019","3,168.60","3,141.20","3,176.30","3,138.50","","0.86%"
"12/11/2019","3,141.60","3,135.80","3,144.00","3,133.20","","0.29%"
"12/10/2019","3,132.50","3,135.40","3,142.10","3,126.10","","-0.11%"
"12/09/2019","3,136.00","3,141.90","3,148.90","3,135.50","","-0.31%"
"12/06/2019","3,145.90","3,134.60","3,150.60","3,134.60","","0.91%"
"12/05/2019","3,117.40","3,119.20","3,119.40","3,103.80","","0.15%"
"12/04/2019","3,112.80","3,103.50","3,119.40","3,102.50","","0.63%"
"12/03/2019","3,093.20","3,087.40","3,095.00","3,070.30","","-0.66%"
"12/02/2019","3,113.90","3,143.80","3,144.30","3,110.80","","-0.86%"
"11/29/2019","3,141.00","3,147.20","3,150.30","3,139.30","","-0.40%"
"11/27/2019","3,153.60","3,145.50","3,154.30","3,143.40","","0.42%"
"11/26/2019","3,140.50","3,134.80","3,142.70","3,131.00","","0.22%"
"11/25/2019","3,133.60","3,117.40","3,133.80","3,117.40","","0.75%"
"11/22/2019","3,110.30","3,111.40","3,112.90","3,099.30","","0.22%"
"11/21/2019","3,103.50","3,108.50","3,110.10","3,094.60","","-0.16%"
"11/20/2019","3,108.50","3,114.70","3,119.00","3,091.40","","-0.37%"
"11/19/2019","3,120.20","3,127.40","3,127.60","3,113.50","","-0.06%"
"11/18/2019","3,122.00","3,117.90","3,124.20","3,112.10","","0.05%"
"11/15/2019","3,120.50","3,107.90","3,120.50","3,104.60","","0.77%"
"11/14/2019","3,096.60","3,090.80","3,098.20","3,083.30","","0.08%"
"11/13/2019","3,094.00","3,084.20","3,098.10","3,078.80","","0.07%"
"11/12/2019","3,091.80","3,089.30","3,102.60","3,084.70","","0.16%"
"11/11/2019","3,087.00","3,080.30","3,088.30","3,075.80","","-0.20%"
"11/08/2019","3,093.10","3,081.20","3,093.10","3,073.60","","0.26%"
"11/07/2019","3,085.20","3,087.00","3,097.80","3,080.20","","0.27%"
"11/06/2019","3,076.80","3,075.10","3,078.30","3,065.90","","0.07%"
"11/05/2019","3,074.60","3,080.80","3,083.90","3,072.20","","-0.12%"
"11/04/2019","3,078.30","3,079.00","3,085.20","3,074.90","","0.37%"
"11/01/2019","3,066.90","3,050.70","3,066.90","3,050.70","","0.96%"
"10/31/2019","3,037.60","3,046.90","3,046.90","3,023.20","","-0.30%"
"10/30/2019","3,046.80","3,039.70","3,050.10","3,026.00","","0.33%"
"10/29/2019","3,036.90","3,035.40","3,047.90","3,034.80","","-0.08%"
"10/28/2019","3,039.40","3,032.10","3,044.10","3,032.10","","0.56%"
"10/25/2019","3,022.60","3,003.30","3,027.40","3,001.90","","0.41%"
"10/24/2019","3,010.30","3,014.80","3,016.10","3,000.40","","0.19%"
"10/23/2019","3,004.50","2,994.00","3,004.80","2,991.20","","0.28%"
"10/22/2019","2,996.00","3,010.70","3,014.60","2,995.00","","-0.36%"
"10/21/2019","3,006.70","2,996.50","3,007.30","2,995.30","","0.69%"
"10/18/2019","2,986.20","2,996.80","3,000.00","2,976.30","","-0.39%"
"10/17/2019","2,997.90","3,000.80","3,008.30","2,991.80","","0.27%"
"10/16/2019","2,989.70","2,989.70","2,997.50","2,985.20","","-0.20%"
"10/15/2019","2,995.70","2,973.60","3,003.30","2,973.60","","0.99%"
"10/14/2019","2,966.20","2,965.80","2,972.80","2,962.90","","-0.14%"
"10/11/2019","2,970.30","2,963.10","2,993.30","2,963.10","","1.10%"
"10/10/2019","2,938.10","2,918.60","2,948.50","2,917.10","","0.64%"
"10/09/2019","2,919.40","2,911.10","2,929.30","2,907.40","","0.91%"
"10/08/2019","2,893.10","2,920.40","2,925.50","2,892.70","","-1.56%"
"10/07/2019","2,938.80","2,944.20","2,959.80","2,935.70","","-0.45%"
"10/04/2019","2,952.00","2,918.60","2,953.70","2,918.60","","1.42%"
"10/03/2019","2,910.60","2,885.40","2,911.10","2,855.90","","0.80%"
"10/02/2019","2,887.60","2,924.80","2,924.80","2,874.90","","-1.79%"
"10/01/2019","2,940.20","2,983.70","2,992.50","2,938.70","","-1.23%"
"09/30/2019","2,976.70","2,967.10","2,983.80","2,967.10","","0.50%"
"09/27/2019","2,961.80","2,985.50","2,987.30","2,945.50","","-0.53%"
"09/26/2019","2,977.60","2,985.70","2,987.30","2,963.70","","-0.24%"
"09/25/2019","2,984.90","2,968.30","2,989.80","2,952.90","","0.62%"
"09/24/2019","2,966.60","3,002.40","3,008.00","2,957.70","","-0.84%"
"09/23/2019","2,991.80","2,983.50","2,999.20","2,982.20","","-0.01%"
"09/20/2019","2,992.10","3,008.40","3,016.40","2,984.70","","-0.49%"
"09/19/2019","3,006.80","3,010.40","3,022.00","3,003.20","","0.00%"
"09/18/2019","3,006.70","3,001.50","3,007.80","2,978.60","","0.03%"
"09/17/2019","3,005.70","2,995.70","3,006.20","2,993.70","","0.26%"
"09/16/2019","2,998.00","2,996.40","3,002.20","2,990.70","","-0.31%"
"09/13/2019","3,007.40","3,012.20","3,017.30","3,002.90","","-0.07%"
"09/12/2019","3,009.60","3,009.10","3,020.70","3,000.90","","0.29%"
"09/11/2019","3,000.90","2,981.40","3,000.90","2,975.30","","0.72%"
"09/10/2019","2,979.40","2,971.00","2,979.40","2,957.00","","0.03%"
"09/09/2019","2,978.40","2,988.40","2,989.40","2,969.40","","-0.01%"
"09/06/2019","2,978.70","2,980.30","2,985.00","2,972.50","","0.09%"
"09/05/2019","2,976.00","2,960.60","2,985.90","2,960.60","","1.30%"
"09/04/2019","2,937.80","2,924.70","2,938.80","2,921.90","","1.08%"
"09/03/2019","2,906.30","2,909.00","2,914.40","2,891.80","","-0.69%"
"08/30/2019","2,926.50","2,937.10","2,940.40","2,913.30","","0.06%"
"08/29/2019","2,924.60","2,910.40","2,930.50","2,905.70","","1.27%"
"08/28/2019","2,887.90","2,861.30","2,890.00","2,853.10","","0.65%"
"08/27/2019","2,869.20","2,893.10","2,898.80","2,860.60","","-0.32%"
"08/26/2019","2,878.40","2,866.70","2,879.30","2,856.00","","1.10%"
"08/23/2019","2,847.10","2,911.10","2,927.00","2,835.00","","-2.59%"
"08/22/2019","2,922.90","2,930.90","2,939.10","2,904.50","","-0.05%"
"08/21/2019","2,924.40","2,922.00","2,928.70","2,917.90","","0.82%"
"08/20/2019","2,900.50","2,919.00","2,923.60","2,899.60","","-0.79%"
"08/19/2019","2,923.70","2,913.50","2,931.00","2,913.50","","1.21%"
"08/16/2019","2,888.70","2,864.70","2,893.60","2,864.70","","1.44%"
"08/15/2019","2,847.60","2,846.20","2,856.70","2,825.50","","0.25%"
"08/14/2019","2,840.60","2,894.20","2,894.20","2,839.60","","-2.93%"
"08/13/2019","2,926.30","2,880.70","2,943.30","2,877.10","","1.47%"
"08/12/2019","2,883.80","2,907.10","2,907.60","2,873.10","","-1.20%"
"08/09/2019","2,918.70","2,930.50","2,935.80","2,900.20","","-0.66%"
"08/08/2019","2,938.10","2,896.20","2,938.70","2,894.50","","1.88%"
"08/07/2019","2,884.00","2,858.70","2,892.20","2,825.70","","0.08%"
"08/06/2019","2,881.80","2,861.20","2,884.40","2,847.40","","1.30%"
"08/05/2019","2,844.70","2,898.10","2,898.10","2,822.10","","-2.98%"
"08/02/2019","2,932.10","2,943.90","2,945.50","2,914.10","","-0.73%"
"08/01/2019","2,953.60","2,980.30","3,013.60","2,945.20","","-0.90%"
"07/31/2019","2,980.40","3,016.20","3,017.40","2,958.10","","-1.09%"
"07/30/2019","3,013.20","3,007.70","3,017.20","3,000.90","","-0.26%"
"07/29/2019","3,021.00","3,024.50","3,025.60","3,014.30","","-0.16%"
"07/26/2019","3,025.90","3,013.20","3,028.00","3,012.60","","0.74%"
"07/25/2019","3,003.70","3,016.30","3,016.30","2,997.20","","-0.53%"
"07/24/2019","3,019.60","2,998.80","3,019.60","2,996.80","","0.47%"
"07/23/2019","3,005.50","2,994.70","3,005.90","2,988.60","","0.69%"
"07/22/2019","2,985.00","2,981.90","2,990.70","2,976.70","","0.28%"
"07/19/2019","2,976.60","3,004.30","3,006.00","2,975.90","","-0.62%"
"07/18/2019","2,995.10","2,978.90","2,998.30","2,973.10","","0.36%"
"07/17/2019","2,984.40","3,005.10","3,005.30","2,984.20","","-0.65%"
"07/16/2019","3,004.00","3,012.10","3,015.00","3,001.20","","-0.34%"
"07/15/2019","3,014.30","3,017.80","3,017.80","3,008.80","","0.02%"
"07/12/2019","3,013.80","3,003.40","3,013.90","3,001.90","","0.46%"
"07/11/2019","2,999.90","2,999.60","3,002.30","2,988.80","","0.23%"
"07/10/2019","2,993.10","2,989.30","3,003.00","2,984.60","","0.45%"
"07/09/2019","2,979.60","2,965.50","2,981.90","2,963.40","","0.12%"
"07/08/2019","2,975.90","2,979.80","2,980.80","2,970.10","","-0.48%"
"07/05/2019","2,990.40","2,984.20","2,994.00","2,968.00","","-0.18%"
"07/03/2019","2,995.80","2,978.10","2,995.80","2,978.00","","0.77%"
"07/02/2019","2,973.00","2,964.70","2,973.20","2,955.90","","0.29%"
"07/01/2019","2,964.30","2,971.40","2,977.90","2,952.20","","0.76%"
"06/28/2019","2,941.80","2,932.90","2,944.00","2,929.10","","0.58%"
"06/27/2019","2,924.90","2,919.70","2,929.30","2,918.60","","0.38%"
"06/26/2019","2,913.80","2,926.10","2,932.60","2,913.00","","-0.12%"
"06/25/2019","2,917.40","2,945.80","2,946.50","2,916.00","","-0.95%"
"06/24/2019","2,945.30","2,951.40","2,954.90","2,944.10","","-0.18%"
"06/21/2019","2,950.50","2,952.70","2,964.20","2,946.90","","-0.13%"
"06/20/2019","2,954.20","2,949.60","2,958.10","2,931.50","","0.95%"
"06/19/2019","2,926.50","2,920.60","2,931.70","2,911.40","","0.30%"
"06/18/2019","2,917.80","2,906.70","2,930.80","2,905.40","","0.97%"
"06/17/2019","2,889.70","2,889.80","2,897.30","2,887.30","","0.09%"
"06/14/2019","2,887.00","2,886.80","2,894.40","2,879.60","","-0.16%"
"06/13/2019","2,891.60","2,886.20","2,895.20","2,882.00","","0.41%"
"06/12/2019","2,879.80","2,882.70","2,888.60","2,874.70","","-0.20%"
"06/11/2019","2,885.70","2,903.30","2,910.60","2,878.50","","-0.03%"
"06/10/2019","2,886.70","2,885.80","2,904.80","2,885.50","","0.47%"
"06/07/2019","2,873.30","2,852.90","2,885.00","2,852.90","","1.05%"
"06/06/2019","2,843.50","2,828.50","2,852.10","2,822.40","","0.61%"
"06/05/2019","2,826.20","2,818.10","2,827.30","2,800.90","","0.82%"
"06/04/2019","2,803.30","2,762.60","2,804.50","2,762.60","","2.15%"
"06/03/2019","2,744.40","2,751.50","2,763.10","2,728.80","","-0.28%"
"05/31/2019","2,752.10","2,766.20","2,769.00","2,750.50","","-1.32%"
"05/30/2019","2,788.90","2,786.90","2,799.00","2,776.70","","0.21%"
"05/29/2019","2,783.00","2,790.20","2,792.00","2,766.10","","-0.69%"
"05/28/2019","2,802.40","2,830.00","2,840.50","2,801.60","","-0.84%"
"05/24/2019","2,826.10","2,832.40","2,841.40","2,820.20","","0.14%"
"05/23/2019","2,822.20","2,836.70","2,836.70","2,805.50","","-1.19%"
"05/22/2019","2,856.30","2,856.10","2,865.50","2,851.10","","-0.28%"
"05/21/2019","2,864.40","2,854.00","2,868.90","2,854.00","","0.85%"
"05/20/2019","2,840.20","2,841.90","2,853.90","2,831.30","","-0.67%"
"05/17/2019","2,859.50","2,858.60","2,885.50","2,854.20","","-0.58%"
"05/16/2019","2,876.30","2,855.80","2,892.20","2,855.80","","0.89%"
"05/15/2019","2,851.00","2,820.40","2,858.70","2,815.10","","0.59%"
"05/14/2019","2,834.40","2,820.10","2,852.50","2,820.10","","0.80%"
"05/13/2019","2,811.90","2,840.20","2,840.20","2,801.40","","-2.41%"
"05/10/2019","2,881.40","2,863.10","2,891.30","2,825.40","","0.37%"
"05/09/2019","2,870.70","2,859.80","2,876.00","2,836.40","","-0.30%"
"05/08/2019","2,879.40","2,879.60","2,898.00","2,873.30","","-0.16%"
"05/07/2019","2,884.10","2,913.00","2,913.00","2,862.60","","-1.65%"
"05/06/2019","2,932.50","2,908.90","2,937.30","2,898.20","","-0.44%"
"05/03/2019","2,945.60","2,929.20","2,947.80","2,929.20","","0.96%"
"05/02/2019","2,917.50","2,922.20","2,931.70","2,900.50","","-0.21%"
"05/01/2019","2,923.70","2,952.30","2,954.10","2,923.40","","-0.75%"
"04/30/2019","2,945.80","2,937.10","2,948.20","2,924.10","","0.10%"
"04/29/2019","2,943.00","2,940.60","2,949.50","2,939.30","","0.11%"
"04/26/2019","2,939.90","2,925.80","2,939.90","2,917.60","","0.47%"
"04/25/2019","2,926.20","2,929.00","2,933.10","2,912.80","","-0.03%"
"04/24/2019","2,927.20","2,934.00","2,936.80","2,926.10","","-0.22%"
"04/23/2019","2,933.70","2,910.00","2,936.30","2,908.50","","0.88%"
"04/22/2019","2,908.00","2,898.80","2,909.50","2,896.30","","0.10%"
"04/18/2019","2,905.00","2,904.80","2,908.40","2,891.90","","0.16%"
"04/17/2019","2,900.40","2,916.00","2,918.00","2,895.40","","-0.23%"
"04/16/2019","2,907.10","2,912.30","2,916.10","2,900.70","","0.05%"
"04/15/2019","2,905.60","2,908.30","2,909.60","2,896.50","","-0.06%"
"04/12/2019","2,907.40","2,900.90","2,910.50","2,898.40","","0.66%"
"04/11/2019","2,888.30","2,891.90","2,893.40","2,882.00","","0.00%"
"04/10/2019","2,888.20","2,881.40","2,889.70","2,879.10","","0.35%"
"04/09/2019","2,878.20","2,886.60","2,886.90","2,873.30","","-0.61%"
"04/08/2019","2,895.80","2,888.50","2,895.90","2,880.80","","0.11%"
"04/05/2019","2,892.70","2,884.20","2,893.20","2,883.00","","0.46%"
"04/04/2019","2,879.40","2,874.00","2,881.30","2,867.10","","0.21%"
"04/03/2019","2,873.40","2,876.10","2,885.20","2,865.20","","0.22%"
"04/02/2019","2,867.20","2,868.20","2,872.90","2,858.80","","0.00%"
"04/01/2019","2,867.20","2,848.60","2,869.40","2,848.60","","1.16%"
"03/29/2019","2,834.40","2,828.30","2,836.00","2,819.20","","0.67%"
"03/28/2019","2,815.40","2,809.40","2,819.70","2,798.80","","0.36%"
"03/27/2019","2,805.40","2,819.70","2,825.60","2,787.70","","-0.46%"
"03/26/2019","2,818.50","2,812.70","2,829.90","2,804.00","","0.72%"
"03/25/2019","2,798.40","2,796.00","2,809.80","2,785.00","","-0.08%"
"03/22/2019","2,800.70","2,844.50","2,846.20","2,800.50","","-1.90%"
"03/21/2019","2,854.90","2,819.70","2,860.30","2,817.40","","1.09%"
"03/20/2019","2,824.20","2,831.30","2,843.50","2,812.40","","-0.30%"
"03/19/2019","2,832.60","2,840.80","2,852.40","2,823.30","","-0.01%"
"03/18/2019","2,832.90","2,822.60","2,835.40","2,822.00","","0.37%"
"03/15/2019","2,822.50","2,810.80","2,830.70","2,810.80","","0.50%"
"03/14/2019","2,808.50","2,810.40","2,815.00","2,803.50","","-0.09%"
"03/13/2019","2,810.90","2,799.80","2,821.20","2,799.80","","0.69%"
"03/12/2019","2,791.50","2,787.30","2,798.30","2,786.70","","0.29%"
"03/11/2019","2,783.30","2,747.60","2,784.00","2,747.60","","1.47%"
"03/08/2019","2,743.10","2,730.80","2,744.10","2,722.30","","-0.21%"
"03/07/2019","2,748.90","2,766.50","2,767.20","2,739.10","","-0.81%"
"03/06/2019","2,771.40","2,790.30","2,790.30","2,768.70","","-0.66%"
"03/05/2019","2,789.70","2,794.40","2,796.40","2,783.00","","-0.11%"
"03/04/2019","2,792.80","2,814.40","2,816.90","2,767.70","","-0.39%"
"03/01/2019","2,803.70","2,798.20","2,808.00","2,787.40","","0.69%"
"02/28/2019","2,784.50","2,788.10","2,793.70","2,782.50","","-0.28%"
"02/27/2019","2,792.40","2,787.50","2,795.80","2,775.10","","-0.05%"
"02/26/2019","2,793.90","2,792.40","2,803.10","2,789.50","","-0.08%"
"02/25/2019","2,796.10","2,804.30","2,813.50","2,795.00","","0.12%"
"02/22/2019","2,792.70","2,780.70","2,794.20","2,779.10","","0.64%"
"02/21/2019","2,774.90","2,780.20","2,781.60","2,764.60","","-0.35%"
"02/20/2019","2,784.70","2,779.10","2,789.90","2,774.10","","0.18%"
"02/19/2019","2,779.80","2,769.30","2,787.30","2,767.30","","0.15%"
"02/15/2019","2,775.60","2,760.20","2,775.70","2,760.20","","1.09%"
"02/14/2019","2,745.70","2,743.50","2,757.90","2,731.20","","-0.27%"
"02/13/2019","2,753.00","2,750.30","2,761.80","2,748.60","","0.30%"
"02/12/2019","2,744.70","2,722.60","2,748.20","2,722.60","","1.29%"
"02/11/2019","2,709.80","2,712.40","2,718.10","2,703.80","","0.07%"
"02/08/2019","2,707.90","2,692.40","2,708.10","2,681.80","","0.07%"
"02/07/2019","2,706.10","2,717.50","2,719.30","2,687.30","","-0.93%"
"02/06/2019","2,731.60","2,735.10","2,738.10","2,724.20","","-0.22%"
"02/05/2019","2,737.70","2,728.30","2,739.00","2,724.00","","0.47%"
"02/04/2019","2,724.90","2,706.50","2,725.00","2,698.80","","0.68%"
"02/01/2019","2,706.50","2,702.30","2,716.70","2,696.90","","0.09%"
"01/31/2019","2,704.10","2,685.50","2,708.90","2,678.70","","0.86%"
"01/30/2019","2,681.10","2,653.60","2,690.40","2,648.30","","1.56%"
"01/29/2019","2,640.00","2,644.90","2,650.90","2,631.10","","-0.14%"
"01/28/2019","2,643.80","2,645.00","2,645.00","2,624.10","","-0.79%"
"01/25/2019","2,664.80","2,657.40","2,672.40","2,657.30","","0.85%"
"01/24/2019","2,642.30","2,638.80","2,647.20","2,627.00","","0.14%"
"01/23/2019","2,638.70","2,643.50","2,653.20","2,612.90","","0.22%"
"01/22/2019","2,632.90","2,657.90","2,657.90","2,617.30","","-1.42%"
"01/18/2019","2,670.70","2,651.30","2,675.50","2,647.60","","1.32%"
"01/17/2019","2,636.00","2,609.30","2,645.10","2,606.40","","0.76%"
"01/16/2019","2,616.10","2,614.80","2,625.80","2,612.70","","0.22%"
"01/15/2019","2,610.30","2,585.10","2,613.10","2,585.10","","1.07%"
"01/14/2019","2,582.60","2,580.30","2,589.30","2,570.40","","-0.53%"
"01/11/2019","2,596.30","2,588.10","2,596.30","2,577.40","","-0.01%"
"01/10/2019","2,596.60","2,573.50","2,597.80","2,562.00","","0.45%"
"01/09/2019","2,585.00","2,580.00","2,595.30","2,568.90","","0.41%"
"01/08/2019","2,574.40","2,568.10","2,579.80","2,547.60","","0.97%"
"01/07/2019","2,549.70","2,535.60","2,566.20","2,524.60","","0.70%"
"01/04/2019","2,531.90","2,474.30","2,538.10","2,474.30","","3.43%"
"01/03/2019","2,447.90","2,491.90","2,493.10","2,444.00","","-2.47%"
"01/02/2019","2,510.00","2,477.00","2,519.50","2,467.50","","0.13%"
"12/31/2018","2,506.80","2,498.90","2,509.20","2,482.80","","0.85%"
"12/28/2018","2,485.70","2,498.80","2,520.30","2,472.90","","-0.12%"
"12/27/2018","2,488.80","2,442.50","2,489.10","2,397.90","","0.86%"
"12/26/2018","2,467.70","2,363.10","2,467.80","2,346.60","","4.96%"
"12/24/2018","2,351.10","2,400.60","2,410.30","2,351.10","","-2.71%"
"12/21/2018","2,416.60","2,465.40","2,504.40","2,408.60","","-2.06%"
"12/20/2018","2,467.40","2,496.80","2,509.60","2,441.20","","-1.58%"
"12/19/2018","2,507.00","2,547.10","2,585.30","2,489.00","","-1.54%"
"12/18/2018","2,546.20","2,559.90","2,574.00","2,528.70","","0.01%"
"12/17/2018","2,545.90","2,590.80","2,601.10","2,530.50","","-2.08%"
"12/14/2018","2,599.90","2,629.70","2,635.10","2,593.80","","-1.91%"
"12/13/2018","2,650.50","2,658.70","2,670.20","2,637.30","","-0.02%"
"12/12/2018","2,651.10","2,658.20","2,685.40","2,650.30","","0.54%"
"12/11/2018","2,636.80","2,664.40","2,674.30","2,621.30","","-0.03%"
"12/10/2018","2,637.70","2,630.90","2,647.50","2,583.20","","0.17%"
"12/07/2018","2,633.10","2,691.30","2,708.50","2,623.10","","-2.33%"
"12/06/2018","2,695.90","2,663.50","2,696.20","2,621.50","","-0.16%"
"12/04/2018","2,700.10","2,782.40","2,785.90","2,697.20","","-3.24%"
"12/03/2018","2,790.40","2,790.50","2,800.20","2,773.40","","1.09%"
"11/30/2018","2,760.20","2,737.80","2,760.90","2,732.80","","0.82%"
"11/29/2018","2,737.80","2,737.00","2,753.80","2,722.90","","-0.22%"
"11/28/2018","2,743.80","2,691.40","2,744.00","2,684.40","","2.30%"
"11/27/2018","2,682.20","2,663.80","2,682.50","2,655.90","","0.33%"
"11/26/2018","2,673.40","2,650.00","2,674.30","2,650.00","","1.55%"
"11/23/2018","2,632.60","2,633.40","2,647.60","2,631.10","","-0.65%"
"11/21/2018","2,649.90","2,657.70","2,670.70","2,649.80","","0.30%"
"11/20/2018","2,641.90","2,654.60","2,669.40","2,631.50","","-1.81%"
"11/19/2018","2,690.70","2,730.70","2,733.20","2,681.10","","-1.67%"
"11/16/2018","2,736.30","2,718.50","2,746.80","2,712.20","","0.22%"
"11/15/2018","2,730.20","2,693.50","2,735.40","2,670.80","","1.06%"
"11/14/2018","2,701.60","2,737.90","2,746.80","2,685.80","","-0.76%"
"11/13/2018","2,722.20","2,730.10","2,754.60","2,715.00","","-0.15%"
"11/12/2018","2,726.20","2,773.90","2,776.00","2,722.00","","-1.97%"
"11/09/2018","2,781.00","2,794.10","2,794.10","2,764.20","","-0.92%"
"11/08/2018","2,806.80","2,806.40","2,814.80","2,795.00","","-0.25%"
"11/07/2018","2,813.90","2,774.10","2,815.20","2,774.10","","2.12%"
"11/06/2018","2,755.40","2,738.40","2,756.80","2,737.10","","0.62%"
"11/05/2018","2,738.30","2,726.40","2,744.30","2,717.90","","0.56%"
"11/02/2018","2,723.10","2,745.40","2,756.60","2,700.40","","-0.63%"
"11/01/2018","2,740.40","2,717.60","2,741.70","2,708.80","","1.06%"
"10/31/2018","2,711.70","2,705.60","2,736.70","2,705.60","","1.08%"
"10/30/2018","2,682.60","2,640.70","2,685.40","2,635.30","","1.57%"
"10/29/2018","2,641.20","2,682.70","2,706.80","2,603.50","","-0.66%"
"10/26/2018","2,658.70","2,667.90","2,692.40","2,628.20","","-1.73%"
"10/25/2018","2,705.60","2,674.90","2,722.70","2,667.80","","1.86%"
"10/24/2018","2,656.10","2,737.90","2,742.60","2,651.90","","-3.09%"
"10/23/2018","2,740.70","2,721.00","2,753.60","2,691.40","","-0.55%"
"10/22/2018","2,755.90","2,773.90","2,778.90","2,749.20","","-0.43%"
"10/19/2018","2,767.80","2,775.70","2,797.80","2,760.30","","-0.04%"
"10/18/2018","2,768.80","2,802.00","2,806.00","2,755.20","","-1.44%"
"10/17/2018","2,809.20","2,811.70","2,816.90","2,781.80","","-0.02%"
"10/16/2018","2,809.90","2,767.10","2,813.50","2,766.90","","2.15%"
"10/15/2018","2,750.80","2,763.80","2,776.00","2,749.00","","-0.59%"
"10/12/2018","2,767.10","2,770.50","2,775.80","2,729.40","","1.42%"
"10/11/2018","2,728.40","2,776.90","2,795.10","2,710.50","","-2.06%"
"10/10/2018","2,785.70","2,873.90","2,874.00","2,784.90","","-3.28%"
"10/09/2018","2,880.30","2,882.50","2,894.80","2,874.30","","-0.14%"
"10/08/2018","2,884.40","2,877.50","2,889.40","2,862.10","","-0.04%"
"10/05/2018","2,885.60","2,902.50","2,909.60","2,869.30","","-0.55%"
"10/04/2018","2,901.60","2,919.30","2,919.80","2,883.90","","-0.82%"
"10/03/2018","2,925.50","2,931.70","2,939.90","2,921.40","","0.07%"
"10/02/2018","2,923.40","2,923.80","2,931.40","2,919.40","","-0.04%"
"10/01/2018","2,924.60","2,926.30","2,937.10","2,917.90","","0.36%"
"09/28/2018","2,914.00","2,910.00","2,920.50","2,907.50","","0.00%"
"09/27/2018","2,914.00","2,911.70","2,927.20","2,909.30","","0.28%"
"09/26/2018","2,906.00","2,917.00","2,931.20","2,903.30","","-0.33%"
"09/25/2018","2,915.60","2,921.80","2,923.90","2,913.70","","-0.13%"
"09/24/2018","2,919.40","2,921.80","2,923.80","2,912.60","","-0.35%"
"09/21/2018","2,929.70","2,936.80","2,940.90","2,927.10","","-0.04%"
"09/20/2018","2,930.80","2,919.70","2,934.80","2,919.70","","0.79%"
"09/19/2018","2,907.90","2,906.60","2,912.40","2,903.80","","0.12%"
"09/18/2018","2,904.30","2,890.70","2,911.20","2,890.40","","0.54%"
"09/17/2018","2,888.80","2,903.80","2,904.70","2,886.20","","-0.56%"
"09/14/2018","2,905.00","2,906.40","2,908.30","2,895.80","","0.03%"
"09/13/2018","2,904.20","2,896.80","2,906.80","2,896.40","","0.53%"
"09/12/2018","2,888.90","2,888.30","2,894.70","2,879.20","","0.03%"
"09/11/2018","2,887.90","2,871.60","2,892.50","2,866.80","","0.38%"
"09/10/2018","2,877.10","2,881.40","2,886.90","2,875.90","","0.19%"
"09/07/2018","2,871.70","2,868.30","2,883.80","2,864.10","","-0.22%"
"09/06/2018","2,878.10","2,888.60","2,892.10","2,867.30","","-0.36%"
"09/05/2018","2,888.60","2,891.60","2,894.20","2,876.90","","-0.28%"
"09/04/2018","2,896.70","2,897.00","2,900.20","2,885.10","","-0.17%"
"08/31/2018","2,901.50","2,898.40","2,906.30","2,891.70","","0.01%"
"08/30/2018","2,901.10","2,908.90","2,912.50","2,895.20","","-0.44%"
"08/29/2018","2,914.00","2,900.60","2,916.50","2,898.40","","0.57%"
"08/28/2018","2,897.50","2,901.40","2,903.80","2,893.50","","0.03%"
"08/27/2018","2,896.70","2,884.70","2,898.20","2,884.70","","0.77%"
"08/24/2018","2,874.70","2,862.30","2,876.20","2,862.30","","0.62%"
"08/23/2018","2,857.00","2,860.30","2,868.80","2,854.00","","-0.17%"
"08/22/2018","2,861.80","2,861.00","2,867.50","2,856.10","","-0.04%"
"08/21/2018","2,863.00","2,861.50","2,873.20","2,861.30","","0.21%"
"08/20/2018","2,857.10","2,853.90","2,859.80","2,850.60","","0.25%"
"08/17/2018","2,850.10","2,838.30","2,855.60","2,833.70","","0.33%"
"08/16/2018","2,840.70","2,831.40","2,850.50","2,831.40","","0.79%"
"08/15/2018","2,818.40","2,827.90","2,827.90","2,802.50","","-0.76%"
"08/14/2018","2,840.00","2,827.90","2,843.10","2,826.60","","0.64%"
"08/13/2018","2,821.90","2,835.50","2,843.40","2,819.90","","-0.40%"
"08/10/2018","2,833.30","2,839.60","2,842.20","2,825.80","","-0.71%"
"08/09/2018","2,853.60","2,857.20","2,862.50","2,852.00","","-0.14%"
"08/08/2018","2,857.70","2,856.80","2,862.40","2,853.10","","-0.02%"
"08/07/2018","2,858.40","2,855.90","2,863.40","2,855.90","","0.28%"
"08/06/2018","2,850.40","2,840.30","2,853.30","2,836.00","","0.36%"
"08/03/2018","2,840.30","2,829.60","2,840.40","2,827.40","","0.46%"
"08/02/2018","2,827.20","2,800.50","2,829.90","2,796.30","","0.49%"
"08/01/2018","2,813.40","2,821.20","2,825.80","2,805.80","","-0.10%"
"07/31/2018","2,816.30","2,809.70","2,824.50","2,808.10","","0.49%"
"07/30/2018","2,802.60","2,819.00","2,821.70","2,798.10","","-0.57%"
"07/27/2018","2,818.80","2,842.30","2,843.20","2,808.30","","-0.66%"
"07/26/2018","2,837.40","2,835.50","2,845.60","2,835.30","","-0.31%"
"07/25/2018","2,846.10","2,817.70","2,848.00","2,817.70","","0.91%"
"07/24/2018","2,820.40","2,820.70","2,830.00","2,811.10","","0.48%"
"07/23/2018","2,807.00","2,799.20","2,808.60","2,795.10","","0.19%"
"07/20/2018","2,801.80","2,804.60","2,809.70","2,800.00","","-0.10%"
"07/19/2018","2,804.50","2,809.40","2,812.10","2,799.80","","-0.39%"
"07/18/2018","2,815.60","2,811.30","2,816.80","2,805.90","","0.21%"
"07/17/2018","2,809.60","2,789.30","2,814.20","2,789.20","","0.40%"
"07/16/2018","2,798.40","2,801.40","2,803.70","2,793.40","","-0.10%"
"07/13/2018","2,801.30","2,796.90","2,804.50","2,791.70","","0.11%"
"07/12/2018","2,798.30","2,783.10","2,799.20","2,781.50","","0.88%"
"07/11/2018","2,774.00","2,779.80","2,785.90","2,770.80","","-0.71%"
"07/10/2018","2,793.80","2,788.60","2,795.60","2,786.20","","0.34%"
"07/09/2018","2,784.20","2,768.50","2,784.70","2,768.50","","0.88%"
"07/06/2018","2,759.80","2,737.70","2,764.40","2,733.50","","0.85%"
"07/05/2018","2,736.60","2,724.20","2,737.80","2,716.00","","0.86%"
"07/03/2018","2,713.20","2,733.30","2,736.60","2,711.20","","-0.50%"
"07/02/2018","2,726.70","2,704.90","2,727.30","2,698.90","","0.31%"
"06/29/2018","2,718.40","2,727.10","2,743.30","2,718.00","","0.08%"
"06/28/2018","2,716.30","2,698.70","2,724.30","2,692.00","","0.62%"
"06/27/2018","2,699.60","2,728.40","2,746.10","2,699.40","","-0.86%"
"06/26/2018","2,723.10","2,722.10","2,732.90","2,715.60","","0.22%"
"06/25/2018","2,717.10","2,742.90","2,742.90","2,698.70","","-1.37%"
"06/22/2018","2,754.90","2,760.80","2,764.20","2,752.70","","0.19%"
"06/21/2018","2,749.80","2,769.30","2,769.30","2,744.40","","-0.63%"
"06/20/2018","2,767.30","2,769.70","2,774.90","2,763.90","","0.17%"
"06/19/2018","2,762.60","2,752.00","2,765.10","2,743.20","","-0.40%"
"06/18/2018","2,773.80","2,765.80","2,775.00","2,757.10","","-0.21%"
"06/15/2018","2,779.70","2,777.80","2,782.80","2,761.70","","-0.10%"
"06/14/2018","2,782.50","2,783.20","2,789.10","2,776.50","","0.25%"
"06/13/2018","2,775.60","2,787.90","2,791.50","2,774.70","","-0.40%"
"06/12/2018","2,786.80","2,785.60","2,789.80","2,778.80","","0.17%"
"06/11/2018","2,782.00","2,780.20","2,790.20","2,780.20","","0.11%"
"06/08/2018","2,779.00","2,765.80","2,779.40","2,763.60","","0.31%"
"06/07/2018","2,770.40","2,774.80","2,779.90","2,760.20","","-0.07%"
"06/06/2018","2,772.30","2,753.20","2,772.40","2,748.50","","0.85%"
"06/05/2018","2,748.80","2,748.50","2,752.60","2,739.50","","0.07%"
"06/04/2018","2,746.90","2,741.70","2,749.20","2,740.50","","0.45%"
"06/01/2018","2,734.60","2,718.70","2,736.90","2,718.70","","1.08%"
"05/31/2018","2,705.30","2,721.00","2,722.50","2,700.70","","-0.69%"
"05/30/2018","2,724.00","2,702.40","2,729.30","2,702.40","","1.27%"
"05/29/2018","2,689.90","2,705.10","2,710.70","2,676.80","","-1.15%"
"05/25/2018","2,721.30","2,723.60","2,727.40","2,715.00","","-0.24%"
"05/24/2018","2,727.80","2,730.90","2,732.00","2,707.40","","-0.20%"
"05/23/2018","2,733.30","2,714.00","2,733.30","2,709.50","","0.33%"
"05/22/2018","2,724.40","2,738.30","2,742.20","2,721.90","","-0.31%"
"05/21/2018","2,733.00","2,725.90","2,739.20","2,725.70","","0.74%"
"05/18/2018","2,713.00","2,717.30","2,719.50","2,709.20","","-0.26%"
"05/17/2018","2,720.10","2,719.70","2,732.00","2,711.40","","-0.09%"
"05/16/2018","2,722.50","2,712.60","2,727.80","2,712.20","","0.41%"
"05/15/2018","2,711.40","2,718.60","2,718.60","2,701.90","","-0.68%"
"05/14/2018","2,730.10","2,733.40","2,742.10","2,725.50","","0.09%"
"05/11/2018","2,727.70","2,722.70","2,732.90","2,717.40","","0.17%"
"05/10/2018","2,723.10","2,705.00","2,726.10","2,704.50","","0.94%"
"05/09/2018","2,697.80","2,678.10","2,701.30","2,674.10","","0.97%"
"05/08/2018","2,671.90","2,670.30","2,676.30","2,655.20","","-0.03%"
"05/07/2018","2,672.60","2,669.40","2,683.30","2,664.70","","0.35%"
"05/04/2018","2,663.40","2,621.40","2,670.90","2,615.30","","1.28%"
"05/03/2018","2,629.70","2,628.10","2,637.10","2,594.60","","-0.23%"
"05/02/2018","2,635.70","2,654.20","2,660.90","2,631.70","","-0.72%"
"05/01/2018","2,654.80","2,643.60","2,655.30","2,625.40","","0.25%"
"04/30/2018","2,648.10","2,675.10","2,682.90","2,648.00","","-0.82%"
"04/27/2018","2,669.90","2,675.50","2,677.30","2,659.00","","0.11%"
"04/26/2018","2,666.90","2,651.70","2,676.50","2,647.20","","1.04%"
"04/25/2018","2,639.40","2,634.90","2,645.30","2,612.70","","0.18%"
"04/24/2018","2,634.60","2,680.80","2,683.60","2,617.30","","-1.34%"
"04/23/2018","2,670.30","2,675.40","2,682.90","2,658.00","","0.01%"
"04/20/2018","2,670.10","2,692.60","2,693.90","2,660.60","","-0.85%"
"04/19/2018","2,693.10","2,701.20","2,702.80","2,681.90","","-0.57%"
"04/18/2018","2,708.60","2,710.10","2,717.50","2,703.60","","0.08%"
"04/17/2018","2,706.40","2,692.70","2,713.30","2,692.10","","1.07%"
"04/16/2018","2,677.80","2,670.10","2,686.50","2,665.20","","0.81%"
"04/13/2018","2,656.30","2,676.90","2,680.30","2,645.10","","-0.29%"
"04/12/2018","2,664.00","2,653.80","2,674.70","2,653.80","","0.83%"
"04/11/2018","2,642.20","2,643.90","2,661.40","2,639.20","","-0.55%"
"04/10/2018","2,656.90","2,638.40","2,665.40","2,635.80","","1.67%"
"04/09/2018","2,613.20","2,617.20","2,653.60","2,610.80","","0.33%"
"04/06/2018","2,604.50","2,645.80","2,656.90","2,586.30","","-2.19%"
"04/05/2018","2,662.80","2,657.40","2,672.10","2,649.60","","0.68%"
"04/04/2018","2,644.70","2,584.00","2,649.90","2,573.60","","1.16%"
"04/03/2018","2,614.40","2,592.20","2,619.10","2,575.50","","1.26%"
"04/02/2018","2,581.90","2,633.40","2,638.30","2,553.80","","-2.23%"
"03/29/2018","2,640.90","2,614.40","2,659.10","2,609.70","","1.38%"
"03/28/2018","2,605.00","2,611.30","2,632.70","2,593.10","","-0.29%"
"03/27/2018","2,612.60","2,667.60","2,674.80","2,596.10","","-1.73%"
"03/26/2018","2,658.60","2,619.30","2,661.40","2,601.80","","2.72%"
"03/23/2018","2,588.30","2,646.70","2,657.70","2,585.90","","-2.10%"
"03/22/2018","2,643.70","2,691.40","2,695.70","2,641.60","","-2.51%"
"03/21/2018","2,711.90","2,715.00","2,739.10","2,709.80","","-0.18%"
"03/20/2018","2,716.90","2,715.10","2,724.20","2,710.10","","0.15%"
"03/19/2018","2,712.90","2,741.40","2,741.40","2,694.60","","-1.42%"
"03/16/2018","2,752.00","2,750.60","2,761.80","2,750.00","","0.17%"
"03/15/2018","2,747.30","2,754.30","2,763.00","2,741.50","","-0.08%"
"03/14/2018","2,749.50","2,774.10","2,777.10","2,744.40","","-0.57%"
"03/13/2018","2,765.30","2,792.30","2,801.90","2,758.70","","-0.64%"
"03/12/2018","2,783.00","2,790.50","2,797.00","2,779.30","","-0.13%"
"03/09/2018","2,786.60","2,752.90","2,786.60","2,751.50","","1.74%"
"03/08/2018","2,739.00","2,732.80","2,740.40","2,722.70","","0.45%"
"03/07/2018","2,726.80","2,710.20","2,730.60","2,701.70","","-0.05%"
"03/06/2018","2,728.10","2,730.20","2,732.10","2,711.30","","0.26%"
"03/05/2018","2,720.90","2,681.10","2,728.10","2,675.80","","1.10%"
"03/02/2018","2,691.20","2,658.90","2,696.20","2,647.30","","0.50%"
"03/01/2018","2,677.70","2,715.20","2,730.90","2,659.70","","-1.33%"
"02/28/2018","2,713.80","2,753.80","2,761.50","2,713.50","","-1.11%"
"02/27/2018","2,744.30","2,780.40","2,789.20","2,744.20","","-1.27%"
"02/26/2018","2,779.60","2,757.40","2,780.60","2,753.80","","1.18%"
"02/23/2018","2,747.30","2,715.80","2,747.80","2,713.70","","1.60%"
"02/22/2018","2,704.00","2,710.40","2,731.30","2,697.80","","0.10%"
"02/21/2018","2,701.30","2,720.50","2,747.80","2,701.30","","-0.55%"
"02/20/2018","2,716.30","2,723.00","2,737.60","2,706.80","","-0.58%"
"02/16/2018","2,732.20","2,727.10","2,754.40","2,725.10","","0.04%"
"02/15/2018","2,731.20","2,713.50","2,731.50","2,689.80","","1.21%"
"02/14/2018","2,698.60","2,651.20","2,702.10","2,648.90","","1.34%"
"02/13/2018","2,662.90","2,646.30","2,668.80","2,637.10","","0.26%"
"02/12/2018","2,656.00","2,636.80","2,672.60","2,622.40","","1.39%"
"02/09/2018","2,619.60","2,601.80","2,638.70","2,532.70","","1.50%"
"02/08/2018","2,581.00","2,685.00","2,685.30","2,580.60","","-3.76%"
"02/07/2018","2,681.70","2,690.90","2,727.70","2,681.30","","-0.50%"
"02/06/2018","2,695.10","2,614.80","2,701.00","2,593.10","","1.74%"
"02/05/2018","2,648.90","2,741.10","2,763.40","2,638.20","","-4.10%"
"02/02/2018","2,762.10","2,808.90","2,808.90","2,760.00","","-2.12%"
"02/01/2018","2,822.00","2,816.40","2,836.00","2,812.70","","-0.06%"
"01/31/2018","2,823.80","2,832.40","2,839.30","2,813.00","","0.05%"
"01/30/2018","2,822.40","2,832.70","2,837.80","2,818.30","","-1.09%"
"01/29/2018","2,853.50","2,867.20","2,870.60","2,851.50","","-0.68%"
"01/26/2018","2,872.90","2,847.50","2,872.90","2,846.20","","1.19%"
"01/25/2018","2,839.20","2,846.20","2,848.60","2,830.90","","0.06%"
"01/24/2018","2,837.50","2,845.40","2,853.00","2,824.80","","-0.06%"
"01/23/2018","2,839.10","2,835.10","2,842.20","2,830.60","","0.22%"
"01/22/2018","2,833.00","2,809.20","2,833.00","2,808.10","","0.81%"
"01/19/2018","2,810.30","2,802.60","2,810.30","2,798.10","","0.44%"
"01/18/2018","2,798.00","2,802.40","2,805.80","2,792.60","","-0.16%"
"01/17/2018","2,802.60","2,785.00","2,807.00","2,778.40","","0.94%"
"01/16/2018","2,776.40","2,799.00","2,807.50","2,768.60","","-0.35%"
"01/12/2018","2,786.20","2,770.20","2,787.80","2,769.60","","0.67%"
"01/11/2018","2,767.60","2,753.00","2,767.60","2,752.80","","0.71%"
"01/10/2018","2,748.20","2,745.60","2,750.80","2,736.10","","-0.11%"
"01/09/2018","2,751.30","2,751.20","2,759.10","2,747.90","","0.13%"
"01/08/2018","2,747.70","2,742.70","2,748.50","2,737.60","","0.16%"
"01/05/2018","2,743.20","2,731.30","2,743.40","2,727.90","","0.70%"
"01/04/2018","2,724.00","2,719.30","2,729.30","2,719.10","","0.40%"
"01/03/2018","2,713.10","2,697.80","2,714.40","2,697.80","","0.64%"
"01/02/2018","2,695.80","2,683.70","2,695.90","2,682.40","","0.83%"
"12/29/2017","2,673.60","2,689.20","2,692.10","2,673.60","","-0.52%"
"12/28/2017","2,687.50","2,686.10","2,687.70","2,682.70","","0.18%"
"12/27/2017","2,682.60","2,682.10","2,685.60","2,678.90","","0.08%"
"12/26/2017","2,680.50","2,679.10","2,682.70","2,678.00","","-0.10%"
"12/22/2017","2,683.30","2,684.20","2,685.30","2,678.10","","-0.05%"
"12/21/2017","2,684.60","2,683.00","2,692.60","2,682.40","","0.20%"
"12/20/2017","2,679.20","2,688.20","2,691.00","2,676.10","","-0.09%"
"12/19/2017","2,681.50","2,692.70","2,694.40","2,680.70","","-0.32%"
"12/18/2017","2,690.20","2,685.90","2,695.00","2,685.90","","0.54%"
"12/15/2017","2,675.80","2,660.60","2,679.60","2,659.10","","0.90%"
"12/14/2017","2,652.00","2,665.90","2,668.10","2,652.00","","-0.41%"
"12/13/2017","2,662.80","2,667.60","2,671.90","2,662.80","","-0.05%"
"12/12/2017","2,664.10","2,661.70","2,669.70","2,659.80","","0.15%"
"12/11/2017","2,660.00","2,652.20","2,660.30","2,651.50","","0.32%"
"12/08/2017","2,651.50","2,646.20","2,651.70","2,644.10","","0.55%"
"12/07/2017","2,637.00","2,628.40","2,641.00","2,626.50","","0.29%"
"12/06/2017","2,629.30","2,626.20","2,634.40","2,624.80","","-0.01%"
"12/05/2017","2,629.60","2,639.80","2,648.70","2,627.70","","-0.37%"
"12/04/2017","2,639.40","2,657.20","2,665.20","2,639.00","","-0.11%"
"12/01/2017","2,642.20","2,645.10","2,650.60","2,605.50","","-0.20%"
"11/30/2017","2,647.60","2,633.90","2,657.70","2,633.90","","0.82%"
"11/29/2017","2,626.10","2,627.80","2,634.90","2,620.30","","-0.03%"
"11/28/2017","2,627.00","2,605.90","2,627.70","2,605.40","","0.98%"
"11/27/2017","2,601.40","2,602.70","2,606.40","2,598.90","","-0.04%"
"11/24/2017","2,602.40","2,600.40","2,604.20","2,600.40","","0.20%"
"11/22/2017","2,597.10","2,600.30","2,600.90","2,595.20","","-0.07%"
"11/21/2017","2,599.00","2,589.20","2,601.20","2,589.20","","0.65%"
"11/20/2017","2,582.10","2,579.50","2,584.60","2,578.20","","0.13%"
"11/17/2017","2,578.80","2,582.90","2,584.00","2,577.60","","-0.26%"
"11/16/2017","2,585.60","2,572.90","2,590.10","2,572.90","","0.82%"
"11/15/2017","2,564.60","2,569.40","2,572.80","2,557.40","","-0.55%"
"11/14/2017","2,578.90","2,577.80","2,579.70","2,566.60","","-0.23%"
"11/13/2017","2,584.80","2,576.50","2,587.70","2,574.50","","0.10%"
"11/10/2017","2,582.30","2,580.20","2,583.80","2,575.60","","-0.09%"
"11/09/2017","2,584.60","2,584.00","2,586.50","2,566.30","","-0.38%"
"11/08/2017","2,594.40","2,588.70","2,595.50","2,585.00","","0.15%"
"11/07/2017","2,590.60","2,592.10","2,597.00","2,584.30","","-0.02%"
"11/06/2017","2,591.10","2,587.50","2,593.40","2,585.70","","0.13%"
"11/03/2017","2,587.80","2,581.90","2,588.40","2,576.80","","0.31%"
"11/02/2017","2,579.80","2,579.50","2,581.10","2,566.20","","0.02%"
"11/01/2017","2,579.40","2,583.20","2,588.40","2,574.90","","0.16%"
"10/31/2017","2,575.30","2,576.00","2,578.30","2,572.20","","0.10%"
"10/30/2017","2,572.80","2,577.80","2,580.00","2,568.20","","-0.32%"
"10/27/2017","2,581.10","2,570.30","2,583.00","2,565.90","","0.81%"
"10/26/2017","2,560.40","2,560.10","2,567.10","2,559.80","","0.13%"
"10/25/2017","2,557.20","2,566.50","2,567.40","2,544.00","","-0.46%"
"10/24/2017","2,569.10","2,568.70","2,572.20","2,565.60","","0.16%"
"10/23/2017","2,565.00","2,578.10","2,578.30","2,564.30","","-0.40%"
"10/20/2017","2,575.20","2,567.60","2,575.40","2,567.60","","0.51%"
"10/19/2017","2,562.10","2,553.40","2,562.40","2,547.90","","0.03%"
"10/18/2017","2,561.30","2,562.90","2,564.10","2,559.70","","0.07%"
"10/17/2017","2,559.40","2,557.20","2,559.70","2,554.70","","0.07%"
"10/16/2017","2,557.60","2,555.60","2,559.50","2,552.60","","0.17%"
"10/13/2017","2,553.20","2,555.70","2,557.70","2,552.10","","0.09%"
"10/12/2017","2,550.90","2,552.90","2,555.30","2,548.30","","-0.17%"
"10/11/2017","2,555.20","2,550.60","2,555.20","2,547.90","","0.18%"
"10/10/2017","2,550.60","2,550.00","2,555.20","2,544.90","","0.23%"
"10/09/2017","2,544.70","2,551.40","2,551.80","2,541.60","","-0.18%"
"10/06/2017","2,549.30","2,547.40","2,549.40","2,543.80","","-0.11%"
"10/05/2017","2,552.10","2,540.90","2,552.50","2,540.00","","0.57%"
"10/04/2017","2,537.70","2,533.50","2,540.50","2,531.80","","0.12%"
"10/03/2017","2,534.60","2,530.30","2,535.10","2,528.80","","0.22%"
"10/02/2017","2,529.10","2,521.20","2,529.20","2,520.40","","0.39%"
"09/29/2017","2,519.40","2,510.00","2,519.40","2,508.00","","0.37%"
"09/28/2017","2,510.10","2,503.40","2,510.80","2,502.90","","0.12%"
"09/27/2017","2,507.00","2,503.30","2,511.80","2,495.90","","0.41%"
"09/26/2017","2,496.80","2,501.00","2,503.50","2,495.10","","0.00%"
"09/25/2017","2,496.70","2,499.40","2,502.50","2,488.00","","-0.22%"
"09/22/2017","2,502.20","2,497.30","2,503.50","2,496.50","","0.06%"
"09/21/2017","2,500.60","2,507.20","2,507.20","2,499.00","","-0.30%"
"09/20/2017","2,508.20","2,506.80","2,508.80","2,496.70","","0.06%"
"09/19/2017","2,506.70","2,506.30","2,507.80","2,503.20","","0.11%"
"09/18/2017","2,503.90","2,502.50","2,508.30","2,499.90","","0.15%"
"09/15/2017","2,500.20","2,495.70","2,500.20","2,493.20","","0.18%"
"09/14/2017","2,495.60","2,494.60","2,498.40","2,491.30","","-0.11%"
"09/13/2017","2,498.40","2,493.90","2,498.40","2,492.10","","0.08%"
"09/12/2017","2,496.50","2,491.90","2,496.80","2,490.40","","0.34%"
"09/11/2017","2,488.10","2,474.50","2,488.90","2,474.50","","1.08%"
"09/08/2017","2,461.40","2,462.20","2,467.10","2,459.40","","-0.15%"
"09/07/2017","2,465.10","2,468.10","2,468.60","2,460.30","","-0.02%"
"09/06/2017","2,465.50","2,463.80","2,469.60","2,459.20","","0.31%"
"09/05/2017","2,457.80","2,470.30","2,472.00","2,446.60","","-0.76%"
"09/01/2017","2,476.60","2,474.40","2,480.40","2,473.80","","0.20%"
"08/31/2017","2,471.70","2,462.70","2,475.00","2,462.70","","0.57%"
"08/30/2017","2,457.60","2,446.10","2,460.30","2,443.80","","0.46%"
"08/29/2017","2,446.30","2,431.90","2,449.20","2,428.20","","0.09%"
"08/28/2017","2,444.20","2,447.30","2,449.10","2,439.00","","0.05%"
"08/25/2017","2,443.10","2,444.70","2,454.00","2,442.20","","0.17%"
"08/24/2017","2,439.00","2,447.90","2,450.40","2,436.20","","-0.20%"
"08/23/2017","2,444.00","2,444.90","2,448.90","2,441.40","","-0.35%"
"08/22/2017","2,452.50","2,433.80","2,454.80","2,433.70","","0.99%"
"08/21/2017","2,428.40","2,425.50","2,430.60","2,417.30","","0.12%"
"08/18/2017","2,425.60","2,427.60","2,440.30","2,420.70","","-0.18%"
"08/17/2017","2,430.00","2,462.90","2,465.00","2,430.00","","-1.54%"
"08/16/2017","2,468.10","2,468.60","2,474.90","2,463.90","","0.14%"
"08/15/2017","2,464.60","2,468.70","2,468.90","2,461.60","","-0.05%"
"08/14/2017","2,465.80","2,455.00","2,468.20","2,455.00","","1.00%"
"08/11/2017","2,441.30","2,441.00","2,448.10","2,437.80","","0.13%"
"08/10/2017","2,438.20","2,465.40","2,465.40","2,437.80","","-1.45%"
"08/09/2017","2,474.00","2,465.30","2,474.40","2,462.10","","-0.04%"
"08/08/2017","2,474.90","2,478.30","2,490.90","2,470.30","","-0.24%"
"08/07/2017","2,480.90","2,477.10","2,480.90","2,475.90","","0.17%"
"08/04/2017","2,476.80","2,476.90","2,480.00","2,472.10","","0.19%"
"08/03/2017","2,472.20","2,476.00","2,476.00","2,468.80","","-0.22%"
"08/02/2017","2,477.60","2,480.40","2,480.40","2,466.50","","0.05%"
"08/01/2017","2,476.30","2,477.10","2,478.50","2,471.10","","0.24%"
"07/31/2017","2,470.30","2,475.90","2,478.00","2,468.50","","-0.07%"
"07/28/2017","2,472.10","2,469.10","2,473.50","2,464.70","","-0.13%"
"07/27/2017","2,475.40","2,482.80","2,484.00","2,459.90","","-0.10%"
"07/26/2017","2,477.80","2,480.00","2,481.70","2,474.90","","0.03%"
"07/25/2017","2,477.10","2,477.90","2,481.20","2,474.90","","0.29%"
"07/24/2017","2,469.90","2,472.00","2,473.10","2,466.30","","-0.11%"
"07/21/2017","2,472.50","2,467.40","2,472.50","2,465.10","","-0.04%"
"07/20/2017","2,473.40","2,475.60","2,477.60","2,468.40","","-0.02%"
"07/19/2017","2,473.80","2,463.80","2,473.80","2,463.80","","0.54%"
"07/18/2017","2,460.60","2,455.90","2,460.90","2,450.30","","0.06%"
"07/17/2017","2,459.10","2,459.50","2,462.80","2,457.20","","-0.01%"
"07/14/2017","2,459.30","2,449.20","2,463.50","2,446.70","","0.47%"
"07/13/2017","2,447.80","2,445.00","2,449.30","2,441.70","","0.19%"
"07/12/2017","2,443.20","2,435.80","2,445.80","2,435.80","","0.73%"
"07/11/2017","2,425.50","2,427.30","2,429.30","2,412.80","","-0.08%"
"07/10/2017","2,427.40","2,424.50","2,432.00","2,422.30","","0.09%"
"07/07/2017","2,425.20","2,413.50","2,426.90","2,413.50","","0.64%"
"07/06/2017","2,409.80","2,423.40","2,424.30","2,407.70","","-0.93%"
"07/05/2017","2,432.50","2,430.80","2,434.90","2,422.10","","0.14%"
"07/03/2017","2,429.00","2,431.40","2,439.20","2,428.70","","0.23%"
"06/30/2017","2,423.40","2,429.20","2,432.70","2,421.70","","0.15%"
"06/29/2017","2,419.70","2,442.40","2,442.70","2,405.70","","-0.86%"
"06/28/2017","2,440.70","2,428.70","2,443.00","2,428.00","","0.88%"
"06/27/2017","2,419.40","2,436.30","2,440.20","2,419.40","","-0.81%"
"06/26/2017","2,439.10","2,443.30","2,450.40","2,437.00","","0.03%"
"06/23/2017","2,438.30","2,434.70","2,441.40","2,431.10","","0.16%"
"06/22/2017","2,434.50","2,437.40","2,441.60","2,433.30","","-0.05%"
"06/21/2017","2,435.60","2,439.30","2,442.20","2,430.70","","-0.06%"
"06/20/2017","2,437.00","2,450.70","2,450.70","2,436.60","","-0.67%"
"06/19/2017","2,453.50","2,442.60","2,453.80","2,441.80","","0.83%"
"06/16/2017","2,433.20","2,431.20","2,433.20","2,422.90","","0.03%"
"06/15/2017","2,432.50","2,424.10","2,433.90","2,418.50","","-0.22%"
"06/14/2017","2,437.90","2,443.80","2,443.80","2,428.30","","-0.10%"
"06/13/2017","2,440.30","2,434.20","2,441.50","2,431.30","","0.45%"
"06/12/2017","2,429.40","2,425.90","2,430.40","2,420.00","","-0.10%"
"06/09/2017","2,431.80","2,436.40","2,446.20","2,415.70","","-0.08%"
"06/08/2017","2,433.80","2,434.30","2,439.30","2,427.90","","0.03%"
"06/07/2017","2,433.10","2,432.00","2,435.30","2,424.80","","0.16%"
"06/06/2017","2,429.30","2,431.90","2,436.20","2,428.10","","-0.28%"
"06/05/2017","2,436.10","2,437.80","2,439.60","2,434.30","","-0.12%"
"06/02/2017","2,439.10","2,431.30","2,440.20","2,427.70","","0.37%"
"06/01/2017","2,430.10","2,415.70","2,430.10","2,413.50","","0.76%"
"05/31/2017","2,411.80","2,415.60","2,416.00","2,403.60","","-0.05%"
"05/30/2017","2,412.90","2,411.70","2,415.30","2,409.40","","-0.12%"
"05/26/2017","2,415.80","2,414.50","2,416.70","2,412.20","","0.03%"
"05/25/2017","2,415.10","2,409.50","2,418.70","2,408.00","","0.45%"
"05/24/2017","2,404.40","2,401.40","2,405.60","2,398.00","","0.25%"
"05/23/2017","2,398.40","2,397.00","2,400.80","2,393.90","","0.18%"
"05/22/2017","2,394.00","2,387.20","2,395.50","2,386.90","","0.52%"
"05/19/2017","2,381.70","2,371.40","2,389.10","2,370.40","","0.68%"
"05/18/2017","2,365.70","2,354.70","2,375.70","2,352.70","","0.37%"
"05/17/2017","2,357.00","2,382.90","2,384.90","2,356.20","","-1.82%"
"05/16/2017","2,400.70","2,404.60","2,405.80","2,396.10","","-0.07%"
"05/15/2017","2,402.30","2,394.00","2,404.10","2,393.90","","0.48%"
"05/12/2017","2,390.90","2,392.40","2,392.40","2,387.20","","-0.15%"
"05/11/2017","2,394.40","2,394.80","2,395.70","2,381.70","","-0.22%"
"05/10/2017","2,399.60","2,396.80","2,399.70","2,392.80","","0.11%"
"05/09/2017","2,396.90","2,401.60","2,403.90","2,392.40","","-0.10%"
"05/08/2017","2,399.40","2,399.90","2,401.40","2,393.90","","0.00%"
"05/05/2017","2,399.30","2,392.40","2,399.30","2,389.40","","0.41%"
"05/04/2017","2,389.50","2,389.80","2,391.40","2,380.30","","0.06%"
"05/03/2017","2,388.10","2,386.50","2,389.80","2,379.80","","-0.13%"
"05/02/2017","2,391.20","2,391.10","2,392.90","2,385.80","","0.12%"
"05/01/2017","2,388.30","2,388.50","2,394.50","2,384.80","","0.17%"
"04/28/2017","2,384.20","2,393.70","2,393.70","2,382.40","","-0.19%"
"04/27/2017","2,388.80","2,389.70","2,392.10","2,382.70","","0.06%"
"04/26/2017","2,387.40","2,389.00","2,398.20","2,386.80","","-0.05%"
"04/25/2017","2,388.60","2,381.50","2,392.50","2,381.20","","0.61%"
"04/24/2017","2,374.20","2,370.30","2,377.00","2,369.20","","1.09%"
"04/21/2017","2,348.70","2,354.70","2,356.20","2,344.50","","-0.30%"
"04/20/2017","2,355.80","2,342.70","2,361.40","2,340.90","","0.75%"
"04/19/2017","2,338.20","2,346.80","2,352.60","2,335.10","","-0.17%"
"04/18/2017","2,342.20","2,342.50","2,348.30","2,334.50","","-0.29%"
"04/17/2017","2,349.00","2,332.60","2,349.10","2,332.50","","0.86%"
"04/13/2017","2,328.90","2,342.00","2,348.30","2,328.90","","-0.68%"
"04/12/2017","2,344.90","2,352.20","2,352.70","2,341.20","","-0.38%"
"04/11/2017","2,353.80","2,353.90","2,355.20","2,337.20","","-0.14%"
"04/10/2017","2,357.20","2,357.20","2,366.40","2,351.50","","0.07%"
"04/07/2017","2,355.50","2,356.60","2,363.80","2,350.70","","-0.08%"
"04/06/2017","2,357.50","2,353.80","2,364.20","2,348.90","","0.20%"
"04/05/2017","2,352.90","2,366.60","2,378.40","2,350.50","","-0.31%"
"04/04/2017","2,360.20","2,354.80","2,360.50","2,350.70","","0.06%"
"04/03/2017","2,358.80","2,362.30","2,365.90","2,344.70","","-0.17%"
"03/31/2017","2,362.70","2,364.80","2,370.30","2,362.60","","-0.23%"
"03/30/2017","2,368.10","2,361.30","2,370.40","2,358.60","","0.30%"
"03/29/2017","2,361.10","2,356.50","2,363.40","2,352.90","","0.11%"
"03/28/2017","2,358.60","2,339.80","2,363.80","2,337.60","","0.73%"
"03/27/2017","2,341.60","2,329.10","2,344.90","2,322.20","","-0.10%"
"03/24/2017","2,344.00","2,350.40","2,356.20","2,335.70","","-0.09%"
"03/23/2017","2,346.00","2,346.00","2,358.90","2,342.10","","-0.10%"
"03/22/2017","2,348.40","2,343.00","2,351.80","2,336.40","","0.19%"
"03/21/2017","2,344.00","2,379.30","2,381.90","2,341.90","","-1.24%"
"03/20/2017","2,373.50","2,378.20","2,379.60","2,369.70","","-0.20%"
"03/17/2017","2,378.20","2,383.70","2,385.70","2,377.60","","-0.13%"
"03/16/2017","2,381.40","2,387.70","2,388.10","2,377.20","","-0.16%"
"03/15/2017","2,385.30","2,370.30","2,390.00","2,368.90","","0.84%"
"03/14/2017","2,365.40","2,368.60","2,368.60","2,358.20","","-0.34%"
"03/13/2017","2,373.50","2,371.60","2,374.40","2,368.50","","0.04%"
"03/10/2017","2,372.60","2,372.50","2,376.90","2,363.00","","0.33%"
"03/09/2017","2,364.90","2,363.50","2,369.10","2,354.50","","0.08%"
"03/08/2017","2,363.00","2,369.80","2,373.10","2,361.00","","-0.23%"
"03/07/2017","2,368.40","2,370.70","2,375.10","2,365.50","","-0.29%"
"03/06/2017","2,375.30","2,375.20","2,378.80","2,368.00","","-0.33%"
"03/03/2017","2,383.10","2,380.90","2,383.90","2,375.40","","0.05%"
"03/02/2017","2,381.90","2,394.80","2,394.80","2,380.20","","-0.59%"
"03/01/2017","2,396.00","2,380.10","2,401.00","2,380.10","","1.37%"
"02/28/2017","2,363.60","2,366.10","2,367.80","2,359.00","","-0.26%"
"02/27/2017","2,369.80","2,365.20","2,371.50","2,361.90","","0.11%"
"02/24/2017","2,367.30","2,355.70","2,367.30","2,352.90","","0.15%"
"02/23/2017","2,363.80","2,367.50","2,368.30","2,355.10","","0.04%"
"02/22/2017","2,362.80","2,361.10","2,365.10","2,358.30","","-0.11%"
"02/21/2017","2,365.40","2,354.90","2,366.70","2,354.90","","0.60%"
"02/17/2017","2,351.20","2,343.00","2,351.20","2,339.60","","0.17%"
"02/16/2017","2,347.20","2,349.60","2,351.30","2,338.90","","-0.09%"
"02/15/2017","2,349.20","2,335.60","2,351.30","2,334.80","","0.50%"
"02/14/2017","2,337.60","2,326.10","2,337.60","2,322.20","","0.40%"
"02/13/2017","2,328.20","2,321.70","2,331.60","2,321.40","","0.52%"
"02/10/2017","2,316.10","2,312.30","2,319.20","2,311.10","","0.36%"
"02/09/2017","2,307.90","2,296.70","2,311.10","2,296.60","","0.58%"
"02/08/2017","2,294.70","2,289.60","2,295.90","2,285.40","","0.07%"
"02/07/2017","2,293.10","2,295.90","2,299.40","2,290.20","","0.02%"
"02/06/2017","2,292.60","2,294.30","2,296.20","2,288.60","","-0.21%"
"02/03/2017","2,297.40","2,288.50","2,298.30","2,287.90","","0.73%"
"02/02/2017","2,280.80","2,276.70","2,284.00","2,271.70","","0.05%"
"02/01/2017","2,279.60","2,285.60","2,289.10","2,272.40","","0.03%"
"01/31/2017","2,278.90","2,274.00","2,279.10","2,267.20","","-0.09%"
"01/30/2017","2,280.90","2,286.00","2,286.00","2,268.00","","-0.60%"
"01/27/2017","2,294.70","2,299.00","2,299.00","2,291.60","","-0.09%"
"01/26/2017","2,296.70","2,298.60","2,301.00","2,294.10","","-0.07%"
"01/25/2017","2,298.40","2,288.90","2,299.60","2,288.90","","0.80%"
"01/24/2017","2,280.10","2,267.90","2,284.60","2,266.70","","0.66%"
"01/23/2017","2,265.20","2,267.80","2,271.80","2,257.00","","-0.27%"
"01/20/2017","2,271.30","2,270.00","2,277.00","2,265.00","","0.34%"
"01/19/2017","2,263.70","2,271.90","2,274.30","2,258.40","","-0.36%"
"01/18/2017","2,271.90","2,269.10","2,272.00","2,263.30","","0.18%"
"01/17/2017","2,267.90","2,269.10","2,272.10","2,262.80","","-0.29%"
"01/13/2017","2,274.60","2,272.70","2,278.70","2,271.50","","0.18%"
"01/12/2017","2,270.40","2,271.10","2,271.80","2,254.20","","-0.22%"
"01/11/2017","2,275.30","2,268.60","2,275.30","2,260.80","","0.28%"
"01/10/2017","2,268.90","2,269.70","2,279.30","2,265.30","","0.00%"
"01/09/2017","2,268.90","2,273.60","2,275.50","2,268.90","","-0.36%"
"01/06/2017","2,277.00","2,271.10","2,282.10","2,264.10","","0.35%"
"01/05/2017","2,269.00","2,268.20","2,271.50","2,260.40","","-0.08%"
"01/04/2017","2,270.80","2,261.60","2,272.80","2,261.60","","0.58%"
"01/03/2017","2,257.80","2,251.60","2,263.90","2,245.10","","0.85%"